{"result":"ok","data":{"XBannerList":[{"Code":"fb5b7a69a4dd4a8dabe6629b8f407a7d","Name":"2014-2015-2","Type":8,"Item1":null,"Item2":null}],"YBannerList":[{"Code":"(2014-2015-2)-0103038-01002-1|01002","Name":"会计1306,会计1307-陈素兰","Type":11,"Item1":"01002","Item2":null},{"Code":"0103038","Name":"商业会计-课程","Type":2,"Item1":null,"Item2":null},{"Code":"556a7286-4689-4e99-9c0d-f1471e016312","Name":"理论课-类型","Type":5,"Item1":null,"Item2":null},{"Code":"-1","Name":"全校","Type":0,"Item1":null,"Item2":null}],"DataList":[{"XItem":"fb5b7a69a4dd4a8dabe6629b8f407a7d","YItem":"(2014-2015-2)-0103038-01002-1|01002","Value":"6869-74","ValueArray":null,"StatsType":11},{"XItem":"fb5b7a69a4dd4a8dabe6629b8f407a7d","YItem":"0103038","Value":"24858-270","ValueArray":null,"StatsType":2},{"XItem":"fb5b7a69a4dd4a8dabe6629b8f407a7d","YItem":"556a7286-4689-4e99-9c0d-f1471e016312","Value":"5847120.0001-65922","ValueArray":null,"StatsType":5},{"XItem":"fb5b7a69a4dd4a8dabe6629b8f407a7d","YItem":"-1","Value":"5847120.0001-65922","ValueArray":null,"StatsType":0}]}}