{
    "result":"ok",
    "data":[
                {
                "id":"1",
                "name":"头条"
                },
                {
                "id":"2",
                "name":"娱乐"
                },
                {
                "id":"3",
                "name":"体育"
                },
                {
                "id":"4",
                "name":"财经"
                },
                {
                "id":"5",
                "name":"科技"
                },
                {
                "id":"6",
                "name":"军事"
                }
            ]
}