{
    "result":"ok",
    "data":[
            
            {
            "id":"AUL8RO0H00014JB6",
            "name":"日众议院表决通过新安保法案",
            "desc":"在反对声中通过新安保法案，将提交参议院审议。",
            "iconurl":"http://img5.cache.netease.com/3g/2015/7/16/2015071609154377b2d.jpg",
            "contenturl":"http://3g.163.com/news/15/0716/13/AUL8RO0H00014JB6.html"
            },
            {
            "id":"AUKG45I500014AED",
            "name":"深圳企业水源保护区建练车场",
            "desc":"事发地毗邻深圳水库，工程未经批复公司入场抢建。",
            "iconurl":"http://img4.cache.netease.com/3g/2015/7/16/201507160855254aa19.jpg",
            "contenturl":"http://3g.163.com/news/15/0716/06/AUKG45I500014AED.html"
            },
            {
            "id":"AUKRS19T0001124J",
            "name":"曝公安部已确定恶意做空对象",
            "desc":"上海个别贸易公司成调查的对象，数千家公司惶恐。",
            "iconurl":"http://img6.cache.netease.com/3g/2015/7/16/201507160943494a1da.jpg",
            "contenturl":"http://3g.163.com/news/15/0716/09/AUKRS19T0001124J.html"
            },
            {
            "id":"3",
            "name":"唐七《三生三世》涉嫌抄袭",
            "desc":"唐七直言被黑，大风则感慨：有人叫抄袭，有人叫模仿",
            "iconurl":"http://img5.cache.netease.com/3g/2015/7/7/20150707155751b64ea.jpg",
            "contenturl":"http://3g.163.com/ent/15/0707/15/ATUBLOMC00031GVS.html"
            },
            {
            "id":"4",
            "name":"张晋带女儿上街 蔡少芬\"吃醋\"",
            "desc":"张晋一手牵大女儿一手拖小女儿，蔡少芬吐槽:那我呢？",
            "iconurl":"http://img5.cache.netease.com/3g/2015/7/7/20150707153619a6fc6.jpg",
            "contenturl":"http://3g.163.com/ntes/15/0707/15/ATUBEV3400963VRR.html"
            },
            {
            "id":"5",
            "name":"唐七《三生三世》涉嫌抄袭",
            "desc":"唐七直言被黑，大风则感慨：有人叫抄袭，有人叫模仿",
            "iconurl":"http://img5.cache.netease.com/3g/2015/7/7/20150707155751b64ea.jpg",
            "contenturl":"http://3g.163.com/ent/15/0707/15/ATUBLOMC00031GVS.html"
            },
            {
            "id":"6",
            "name":"张晋带女儿上街 蔡少芬\"吃醋\"",
            "desc":"张晋一手牵大女儿一手拖小女儿，蔡少芬吐槽:那我呢？",
            "iconurl":"http://img5.cache.netease.com/3g/2015/7/7/20150707153619a6fc6.jpg",
            "contenturl":"http://3g.163.com/ntes/15/0707/15/ATUBEV3400963VRR.html"
            },
            {
            "id":"7",
            "name":"唐七《三生三世》涉嫌抄袭",
            "desc":"唐七直言被黑，大风则感慨：有人叫抄袭，有人叫模仿",
            "iconurl":"http://img5.cache.netease.com/3g/2015/7/7/20150707155751b64ea.jpg",
            "contenturl":"http://3g.163.com/ent/15/0707/15/ATUBLOMC00031GVS.html"
            }
            ]
}