{
    "result":"ok",
    "data":[
            {
            "id":"41",
            "name":"张晋带女儿上街 蔡少芬\"吃醋\"",
            "desc":"张晋一手牵大女儿一手拖小女儿，蔡少芬吐槽:那我呢？",
            "iconurl":"http://img5.cache.netease.com/3g/2015/7/7/20150707153619a6fc6.jpg",
            "contenturl":"http://3g.163.com/ntes/15/0707/15/ATUBEV3400963VRR.html"
            },
            {
            "id":"42",
            "name":"唐七《三生三世》涉嫌抄袭",
            "desc":"唐七直言被黑，大风则感慨：有人叫抄袭，有人叫模仿",
            "iconurl":"http://img5.cache.netease.com/3g/2015/7/7/20150707155751b64ea.jpg",
            "contenturl":"http://3g.163.com/ent/15/0707/15/ATUBLOMC00031GVS.html"
            },
            {
            "id":"43",
            "name":"张晋带女儿上街 蔡少芬\"吃醋\"",
            "desc":"张晋一手牵大女儿一手拖小女儿，蔡少芬吐槽:那我呢？",
            "iconurl":"http://img5.cache.netease.com/3g/2015/7/7/20150707153619a6fc6.jpg",
            "contenturl":"http://3g.163.com/ntes/15/0707/15/ATUBEV3400963VRR.html"
            },
            {
            "id":"44",
            "name":"唐七《三生三世》涉嫌抄袭",
            "desc":"唐七直言被黑，大风则感慨：有人叫抄袭，有人叫模仿",
            "iconurl":"http://img5.cache.netease.com/3g/2015/7/7/20150707155751b64ea.jpg",
            "contenturl":"http://3g.163.com/ent/15/0707/15/ATUBLOMC00031GVS.html"
            },
            {
            "id":"45",
            "name":"张晋带女儿上街 蔡少芬\"吃醋\"",
            "desc":"张晋一手牵大女儿一手拖小女儿，蔡少芬吐槽:那我呢？",
            "iconurl":"http://img5.cache.netease.com/3g/2015/7/7/20150707153619a6fc6.jpg",
            "contenturl":"http://3g.163.com/ntes/15/0707/15/ATUBEV3400963VRR.html"
            },
            {
            "id":"46",
            "name":"唐七《三生三世》涉嫌抄袭",
            "desc":"唐七直言被黑，大风则感慨：有人叫抄袭，有人叫模仿",
            "iconurl":"http://img5.cache.netease.com/3g/2015/7/7/20150707155751b64ea.jpg",
            "contenturl":"http://3g.163.com/ent/15/0707/15/ATUBLOMC00031GVS.html"
            },
            {
            "id":"47",
            "name":"张晋带女儿上街 蔡少芬\"吃醋\"",
            "desc":"张晋一手牵大女儿一手拖小女儿，蔡少芬吐槽:那我呢？",
            "iconurl":"http://img5.cache.netease.com/3g/2015/7/7/20150707153619a6fc6.jpg",
            "contenturl":"http://3g.163.com/ntes/15/0707/15/ATUBEV3400963VRR.html"
            },
            {
            "id":"48",
            "name":"唐七《三生三世》涉嫌抄袭",
            "desc":"唐七直言被黑，大风则感慨：有人叫抄袭，有人叫模仿",
            "iconurl":"http://img5.cache.netease.com/3g/2015/7/7/20150707155751b64ea.jpg",
            "contenturl":"http://3g.163.com/ent/15/0707/15/ATUBLOMC00031GVS.html"
            }
            ]
}