{
    "result":"ok",
    "data":[
            {
            "id":"31",
            "name":"张亮儿子天天与妹妹温馨午睡",
            "desc":"天天晒与妹妹午睡照，网友：大长腿天天和妹妹好有爱。",
            "iconurl":"http://img4.cache.netease.com/3g/2015/7/7/2015070717075067ab0.jpg",
            "contenturl":"http://3g.163.com/ent/15/0707/16/ATUG565700032DGD.html"
            },
            {
            "id":"32",
            "name":"\"梦萍\"晒\"小仙女\"近照报平安",
            "desc":"其友人晒出柏雪与儿子游玩近照，否认柏雪灵异失踪。",
            "iconurl":"http://img2.cache.netease.com/3g/2015/7/7/20150707154835741dc.png",
            "contenturl":"http://3g.163.com/ntes/15/0707/15/ATUC4J7I00963VRR.html"
            },
            {
            "id":"33",
            "name":"张亮儿子天天与妹妹温馨午睡",
            "desc":"天天晒与妹妹午睡照，网友：大长腿天天和妹妹好有爱。",
            "iconurl":"http://img4.cache.netease.com/3g/2015/7/7/2015070717075067ab0.jpg",
            "contenturl":"http://3g.163.com/ent/15/0707/16/ATUG565700032DGD.html"
            },
            {
            "id":"34",
            "name":"\"梦萍\"晒\"小仙女\"近照报平安",
            "desc":"其友人晒出柏雪与儿子游玩近照，否认柏雪灵异失踪。",
            "iconurl":"http://img2.cache.netease.com/3g/2015/7/7/20150707154835741dc.png",
            "contenturl":"http://3g.163.com/ntes/15/0707/15/ATUC4J7I00963VRR.html"
            },
            {
            "id":"35",
            "name":"张亮儿子天天与妹妹温馨午睡",
            "desc":"天天晒与妹妹午睡照，网友：大长腿天天和妹妹好有爱。",
            "iconurl":"http://img4.cache.netease.com/3g/2015/7/7/2015070717075067ab0.jpg",
            "contenturl":"http://3g.163.com/ent/15/0707/16/ATUG565700032DGD.html"
            },
            {
            "id":"36",
            "name":"\"梦萍\"晒\"小仙女\"近照报平安",
            "desc":"其友人晒出柏雪与儿子游玩近照，否认柏雪灵异失踪。",
            "iconurl":"http://img2.cache.netease.com/3g/2015/7/7/20150707154835741dc.png",
            "contenturl":"http://3g.163.com/ntes/15/0707/15/ATUC4J7I00963VRR.html"
            },
            {
            "id":"37",
            "name":"张亮儿子天天与妹妹温馨午睡",
            "desc":"天天晒与妹妹午睡照，网友：大长腿天天和妹妹好有爱。",
            "iconurl":"http://img4.cache.netease.com/3g/2015/7/7/2015070717075067ab0.jpg",
            "contenturl":"http://3g.163.com/ent/15/0707/16/ATUG565700032DGD.html"
            },
            {
            "id":"38",
            "name":"\"梦萍\"晒\"小仙女\"近照报平安",
            "desc":"其友人晒出柏雪与儿子游玩近照，否认柏雪灵异失踪。",
            "iconurl":"http://img2.cache.netease.com/3g/2015/7/7/20150707154835741dc.png",
            "contenturl":"http://3g.163.com/ntes/15/0707/15/ATUC4J7I00963VRR.html"
            }
            ]
}