{
    "result":"ok",
    "data":[
            {
            "id":"11",
            "name":"\"新衣\"设计师回应叶璇:无愧",
            "desc":"叶璇爆料设计师作品系枪手所为，文昊天回应：做好自己。",
            "iconurl":"http://img6.cache.netease.com/3g/2015/7/7/20150707151601405bc.jpg",
            "contenturl":"http://3g.163.com/ent/15/0707/15/ATU9I9MP00031H2L.html"
            },
            {
            "id":"12",
            "name":"快本导演怒斥东方台:格调太低",
            "desc":"炮轰东方台请\"何炅空饷门\"举报者，斥其没有职业底线。",
            "iconurl":"http://img5.cache.netease.com/3g/2015/7/7/201507071524260c2a2.jpg",
            "contenturl":"http://3g.163.com/ent/15/0707/15/ATUA050B00031GVS.html"
            },
            {
            "id":"13",
            "name":"\"新衣\"设计师回应叶璇:无愧",
            "desc":"叶璇爆料设计师作品系枪手所为，文昊天回应：做好自己。",
            "iconurl":"http://img6.cache.netease.com/3g/2015/7/7/20150707151601405bc.jpg",
            "contenturl":"http://3g.163.com/ent/15/0707/15/ATU9I9MP00031H2L.html"
            },
            {
            "id":"14",
            "name":"快本导演怒斥东方台:格调太低",
            "desc":"炮轰东方台请\"何炅空饷门\"举报者，斥其没有职业底线。",
            "iconurl":"http://img5.cache.netease.com/3g/2015/7/7/201507071524260c2a2.jpg",
            "contenturl":"http://3g.163.com/ent/15/0707/15/ATUA050B00031GVS.html"
            },
            {
            "id":"15",
            "name":"\"新衣\"设计师回应叶璇:无愧",
            "desc":"叶璇爆料设计师作品系枪手所为，文昊天回应：做好自己。",
            "iconurl":"http://img6.cache.netease.com/3g/2015/7/7/20150707151601405bc.jpg",
            "contenturl":"http://3g.163.com/ent/15/0707/15/ATU9I9MP00031H2L.html"
            },
            {
            "id":"16",
            "name":"快本导演怒斥东方台:格调太低",
            "desc":"炮轰东方台请\"何炅空饷门\"举报者，斥其没有职业底线。",
            "iconurl":"http://img5.cache.netease.com/3g/2015/7/7/201507071524260c2a2.jpg",
            "contenturl":"http://3g.163.com/ent/15/0707/15/ATUA050B00031GVS.html"
            },
            {
            "id":"17",
            "name":"\"新衣\"设计师回应叶璇:无愧",
            "desc":"叶璇爆料设计师作品系枪手所为，文昊天回应：做好自己。",
            "iconurl":"http://img6.cache.netease.com/3g/2015/7/7/20150707151601405bc.jpg",
            "contenturl":"http://3g.163.com/ent/15/0707/15/ATU9I9MP00031H2L.html"
            },
            {
            "id":"18",
            "name":"快本导演怒斥东方台:格调太低",
            "desc":"炮轰东方台请\"何炅空饷门\"举报者，斥其没有职业底线。",
            "iconurl":"http://img5.cache.netease.com/3g/2015/7/7/201507071524260c2a2.jpg",
            "contenturl":"http://3g.163.com/ent/15/0707/15/ATUA050B00031GVS.html"
            }
            ]
}